customer_id,email,country,signup_date
1,customer001@example.com,US,2026-03-24
2,customer002@example.com,BR,2026-04-12
3,customer003@example.com,IN,2026-01-13
4,customer004@example.com,SG,2026-07-30
5,customer005@example.com,DE,2026-01-25
6,customer006@example.com,IN,2026-05-30
7,customer007@example.com,SG,2026-08-21
8,customer008@example.com,IN,2026-02-24
9,customer009@example.com,GB,2026-01-23
10,customer010@example.com,IN,2026-04-18
11,customer011@example.com,IN,2026-03-03
12,customer012@example.com,GB,2026-05-22
13,customer013@example.com,SG,2026-01-16
14,customer014@example.com,US,2026-02-01
15,customer015@example.com,BR,2026-06-11
16,customer016@example.com,IN,2026-05-30
17,customer017@example.com,SG,2026-05-28
18,customer018@example.com,IN,2026-04-12
19,customer019@example.com,US,2026-09-07
20,customer020@example.com,SG,2026-01-12
21,customer021@example.com,US,2026-08-08
22,customer022@example.com,GB,2026-03-16
23,customer023@example.com,SG,2026-02-06
24,customer024@example.com,SG,2026-01-31
25,customer025@example.com,SG,2026-03-20
26,customer026@example.com,BR,2026-07-28
27,customer027@example.com,IN,2026-02-16
28,customer028@example.com,SG,2026-05-29
29,customer029@example.com,US,2026-06-13
30,customer030@example.com,IN,2026-04-06
31,customer031@example.com,BR,2026-05-21
32,customer032@example.com,SG,2026-01-17
33,customer033@example.com,SG,2026-01-16
34,customer034@example.com,GB,2026-02-22
35,customer035@example.com,SG,2026-06-24
36,customer036@example.com,DE,2026-04-20
37,customer037@example.com,SG,2026-04-30
38,customer038@example.com,GB,2026-08-25
39,customer039@example.com,DE,2026-04-03
40,customer040@example.com,US,2026-03-05
41,customer041@example.com,US,2026-06-28
42,customer042@example.com,SG,2026-01-21
43,customer043@example.com,SG,2026-03-18
44,customer044@example.com,DE,2026-05-07
45,customer045@example.com,GB,2026-07-06
46,customer046@example.com,SG,2026-03-15
47,customer047@example.com,IN,2026-09-08
48,customer048@example.com,SG,2026-01-31
49,customer049@example.com,US,2026-04-18
50,customer050@example.com,DE,2026-07-13
