sku,name,category,price,description
SKU-0001,Mug,kitchen,107.74,Mug for everyday use
SKU-0002,Tent,outdoor,192.08,Tent for everyday use
SKU-0003,Backpack,outdoor,87.67,Backpack for everyday use
SKU-0004,Stapler,office,146.65,Stapler for everyday use
SKU-0005,Notebook,office,210.63,
SKU-0006,Stapler,office,175.47,Stapler for everyday use
SKU-0007,Kettle,kitchen,183.87,
SKU-0008,Stapler,office,74.01,Stapler for everyday use
SKU-0009,Pen pack,office,9.55,
SKU-0010,Pen pack,office,45.34,Pen pack for everyday use
SKU-0011,Mug,kitchen,18.50,Mug for everyday use
SKU-0012,Desk lamp,office,185.64,Desk lamp for everyday use
SKU-0013,Stapler,office,229.54,
SKU-0014,Notebook,office,44.93,Notebook for everyday use
SKU-0015,Pen pack,office,221.31,Pen pack for everyday use
SKU-0016,Pen pack,office,177.77,Pen pack for everyday use
SKU-0017,Stapler,office,239.60,Stapler for everyday use
SKU-0018,Kettle,kitchen,47.35,Kettle for everyday use
SKU-0019,Pan,kitchen,6.97,Pan for everyday use
SKU-0020,Water bottle,outdoor,68.64,
SKU-0021,Pan,kitchen,107.06,
SKU-0022,Pen pack,office,238.46,Pen pack for everyday use
SKU-0023,Tent,outdoor,116.33,Tent for everyday use
SKU-0024,Headlamp,outdoor,101.93,Headlamp for everyday use
SKU-0025,Notebook,office,122.45,Notebook for everyday use
SKU-0026,Notebook,office,50.89,Notebook for everyday use
SKU-0027,Mug,kitchen,43.93,Mug for everyday use
SKU-0028,Notebook,office,29.19,Notebook for everyday use
SKU-0029,Water bottle,outdoor,136.01,Water bottle for everyday use
SKU-0030,Notebook,office,21.30,Notebook for everyday use
