signup_id,email,plan,signed_up_at
1,user0001@example.com,team,2026-09-28T12:38:53Z
2,user0002@example.com,pro,2026-09-28T13:15:31Z
3,user0003@example.com,free,2026-09-28T04:28:21Z
4,user0004@example.com,pro,2026-09-28T17:46:12Z
5,user0005@example.com,pro,2026-09-28T17:29:26Z
6,user0006@example.com,free,2026-09-28T11:21:15Z
7,user0007@example.com,free,2026-09-28T05:14:49Z
8,user0008@example.com,free,2026-09-28T12:28:29Z
9,user0009@example.com,free,2026-09-28T17:25:33Z
10,user0010@example.com,free,2026-09-28T18:47:56Z
11,user0011@example.com,pro,2026-09-28T07:28:17Z
12,user0012@example.com,free,2026-09-28T13:10:15Z
13,user0013@example.com,free,2026-09-28T19:46:34Z
14,user0014@example.com,free,2026-09-28T19:13:40Z
15,user0015@example.com,free,2026-09-28T23:24:28Z
16,user0016@example.com,pro,2026-09-28T09:30:24Z
17,user0017@example.com,free,2026-09-28T13:21:04Z
18,user0018@example.com,free,2026-09-28T12:57:01Z
19,user0019@example.com,pro,2026-09-28T19:23:27Z
20,user0020@example.com,free,2026-09-28T18:18:09Z
21,user0021@example.com,free,2026-09-28T23:10:19Z
22,user0022@example.com,free,2026-09-28T22:19:37Z
23,user0023@example.com,free,2026-09-28T08:42:57Z
24,user0024@example.com,free,2026-09-28T08:15:19Z
25,user0025@example.com,pro,2026-09-28T18:50:47Z
26,user0026@example.com,free,2026-09-28T12:56:44Z
27,user0027@example.com,free,2026-09-28T01:01:01Z
28,user0028@example.com,free,2026-09-28T17:11:37Z
29,user0029@example.com,team,2026-09-28T07:03:01Z
30,user0030@example.com,pro,2026-09-28T12:32:05Z
31,user0031@example.com,free,2026-09-28T12:43:32Z
32,user0032@example.com,free,2026-09-28T02:55:56Z
33,user0033@example.com,free,2026-09-28T03:43:09Z
34,user0034@example.com,free,2026-09-28T17:06:54Z
35,user0035@example.com,free,2026-09-28T12:17:47Z
36,user0036@example.com,team,2026-09-28T17:34:22Z
37,user0037@example.com,free,2026-09-28T22:13:08Z
38,user0038@example.com,free,2026-09-28T17:27:25Z
39,user0039@example.com,free,2026-09-28T23:24:56Z
40,user0040@example.com,free,2026-09-28T04:21:56Z
41,user0041@example.com,pro,2026-09-28T07:15:25Z
42,user0042@example.com,free,2026-09-28T06:29:59Z
43,user0043@example.com,free,2026-09-28T23:09:01Z
44,user0044@example.com,free,2026-09-28T03:09:30Z
45,user0045@example.com,free,2026-09-28T16:51:47Z
46,user0046@example.com,free,2026-09-28T03:05:30Z
47,user0047@example.com,free,2026-09-28T06:11:22Z
48,user0048@example.com,free,2026-09-28T01:00:10Z
49,user0049@example.com,pro,2026-09-28T21:30:38Z
50,user0050@example.com,free,2026-09-28T23:52:44Z
51,user0051@example.com,team,2026-09-28T22:16:00Z
52,user0052@example.com,free,2026-09-28T17:16:14Z
53,user0053@example.com,pro,2026-09-28T05:40:35Z
54,user0054@example.com,free,2026-09-28T19:57:44Z
55,user0055@example.com,free,2026-09-28T00:46:44Z
56,user0056@example.com,free,2026-09-28T23:39:14Z
57,user0057@example.com,free,2026-09-28T19:10:20Z
58,user0058@example.com,free,2026-09-28T15:47:40Z
59,user0059@example.com,free,2026-09-28T07:41:01Z
60,user0060@example.com,free,2026-09-28T09:10:08Z
61,user0061@example.com,pro,2026-09-28T10:39:59Z
62,user0062@example.com,team,2026-09-28T08:45:27Z
63,user0063@example.com,free,2026-09-28T11:52:08Z
64,user0064@example.com,free,2026-09-28T19:49:09Z
65,user0065@example.com,free,2026-09-28T04:46:20Z
66,user0066@example.com,pro,2026-09-28T12:52:51Z
67,user0067@example.com,pro,2026-09-28T21:14:20Z
68,user0068@example.com,pro,2026-09-28T15:18:52Z
69,user0069@example.com,pro,2026-09-28T04:45:39Z
70,user0070@example.com,pro,2026-09-28T05:31:41Z
71,user0071@example.com,free,2026-09-28T18:35:18Z
72,user0072@example.com,free,2026-09-28T16:01:28Z
73,user0073@example.com,free,2026-09-28T22:09:24Z
74,user0074@example.com,free,2026-09-28T05:27:14Z
75,user0075@example.com,pro,2026-09-28T05:09:14Z
76,user0076@example.com,free,2026-09-28T22:32:26Z
77,user0077@example.com,free,2026-09-28T20:15:38Z
78,user0078@example.com,pro,2026-09-28T11:52:07Z
79,user0079@example.com,pro,2026-09-28T19:19:23Z
80,user0080@example.com,free,2026-09-28T17:34:00Z
81,user0081@example.com,free,2026-09-28T20:23:59Z
82,user0082@example.com,free,2026-09-28T09:02:50Z
83,user0083@example.com,free,2026-09-28T10:04:56Z
84,user0084@example.com,pro,2026-09-28T03:33:31Z
85,user0085@example.com,pro,2026-09-28T16:27:47Z
86,user0086@example.com,free,2026-09-28T01:00:52Z
87,user0087@example.com,free,2026-09-28T16:08:17Z
88,user0088@example.com,pro,2026-09-28T22:18:05Z
89,user0089@example.com,pro,2026-09-28T22:04:07Z
90,user0090@example.com,free,2026-09-28T07:15:36Z
91,user0091@example.com,pro,2026-09-28T16:28:09Z
92,user0092@example.com,pro,2026-09-28T19:24:58Z
93,user0093@example.com,free,2026-09-28T18:29:12Z
94,user0094@example.com,free,2026-09-28T19:02:58Z
95,user0095@example.com,free,2026-09-28T20:22:16Z
96,user0096@example.com,free,2026-09-28T16:17:38Z
97,user0097@example.com,free,2026-09-28T15:10:09Z
98,user0098@example.com,pro,2026-09-28T14:17:07Z
99,user0099@example.com,free,2026-09-28T11:30:16Z
100,user0100@example.com,free,2026-09-28T08:45:41Z
101,user0101@example.com,free,2026-09-28T02:39:44Z
102,user0102@example.com,free,2026-09-28T11:01:25Z
103,user0103@example.com,free,2026-09-28T05:37:23Z
104,user0104@example.com,free,2026-09-28T05:12:20Z
105,user0105@example.com,pro,2026-09-28T04:59:50Z
106,user0106@example.com,free,2026-09-28T07:59:41Z
107,user0107@example.com,pro,2026-09-28T14:30:00Z
108,user0108@example.com,free,2026-09-28T05:55:37Z
109,user0109@example.com,free,2026-09-28T05:52:43Z
110,user0110@example.com,free,2026-09-28T18:46:21Z
111,user0111@example.com,free,2026-09-28T12:20:48Z
112,user0112@example.com,free,2026-09-28T07:07:36Z
113,user0113@example.com,free,2026-09-28T11:35:49Z
114,user0114@example.com,free,2026-09-28T13:19:26Z
115,user0115@example.com,pro,2026-09-28T12:18:19Z
116,user0116@example.com,pro,2026-09-28T16:41:58Z
117,user0117@example.com,free,2026-09-28T00:39:30Z
118,user0118@example.com,pro,2026-09-28T12:04:10Z
119,user0119@example.com,free,2026-09-28T22:42:59Z
120,user0120@example.com,free,2026-09-28T18:39:03Z
121,user0121@example.com,free,2026-09-28T04:06:31Z
122,user0122@example.com,free,2026-09-28T03:48:53Z
123,user0123@example.com,free,2026-09-28T09:40:08Z
124,user0124@example.com,free,2026-09-28T01:26:28Z
125,user0125@example.com,free,2026-09-28T09:50:47Z
126,user0126@example.com,free,2026-09-28T15:22:25Z
127,user0127@example.com,free,2026-09-28T14:46:48Z
128,user0128@example.com,pro,2026-09-28T19:32:13Z
129,user0129@example.com,pro,2026-09-28T20:46:29Z
130,user0130@example.com,free,2026-09-28T11:54:26Z
131,user0131@example.com,free,2026-09-28T10:09:37Z
132,user0132@example.com,free,2026-09-28T06:40:31Z
133,user0133@example.com,free,2026-09-28T02:38:11Z
134,user0134@example.com,free,2026-09-28T00:36:46Z
135,user0135@example.com,free,2026-09-28T09:29:11Z
136,user0136@example.com,free,2026-09-28T22:08:35Z
137,user0137@example.com,free,2026-09-28T02:25:32Z
138,user0138@example.com,pro,2026-09-28T04:25:48Z
139,user0139@example.com,free,2026-09-28T00:25:13Z
140,user0140@example.com,free,2026-09-28T20:08:11Z
141,user0141@example.com,team,2026-09-28T09:45:08Z
142,user0142@example.com,free,2026-09-28T04:42:17Z
143,user0143@example.com,free,2026-09-28T19:11:03Z
144,user0144@example.com,free,2026-09-28T03:59:06Z
145,user0145@example.com,free,2026-09-28T09:32:07Z
146,user0146@example.com,free,2026-09-28T06:35:43Z
147,user0147@example.com,free,2026-09-28T11:21:33Z
148,user0148@example.com,free,2026-09-28T19:20:10Z
149,user0149@example.com,pro,2026-09-28T10:33:25Z
150,user0150@example.com,free,2026-09-28T18:12:27Z
151,user0151@example.com,free,2026-09-28T09:50:57Z
152,user0152@example.com,free,2026-09-28T00:39:40Z
153,user0153@example.com,free,2026-09-28T01:20:43Z
154,user0154@example.com,pro,2026-09-28T00:40:16Z
155,user0155@example.com,free,2026-09-28T20:03:47Z
156,user0156@example.com,pro,2026-09-28T18:43:21Z
157,user0157@example.com,pro,2026-09-28T08:56:41Z
158,user0158@example.com,free,2026-09-28T03:52:10Z
159,user0159@example.com,pro,2026-09-28T23:54:10Z
160,user0160@example.com,free,2026-09-28T19:52:33Z
161,user0161@example.com,free,2026-09-28T18:26:52Z
162,user0162@example.com,free,2026-09-28T07:50:04Z
163,user0163@example.com,free,2026-09-28T12:28:38Z
164,user0164@example.com,free,2026-09-28T23:09:18Z
165,user0165@example.com,free,2026-09-28T14:44:04Z
166,user0166@example.com,free,2026-09-28T01:58:48Z
167,user0167@example.com,free,2026-09-28T00:31:08Z
168,user0168@example.com,free,2026-09-28T22:46:18Z
169,user0169@example.com,free,2026-09-28T15:40:58Z
170,user0170@example.com,free,2026-09-28T02:01:01Z
171,user0171@example.com,pro,2026-09-28T13:52:02Z
172,user0172@example.com,team,2026-09-28T10:15:53Z
173,user0173@example.com,free,2026-09-28T08:49:07Z
174,user0174@example.com,pro,2026-09-28T01:38:49Z
175,user0175@example.com,free,2026-09-28T06:44:54Z
176,user0176@example.com,pro,2026-09-28T09:47:43Z
177,user0177@example.com,free,2026-09-28T00:07:54Z
178,user0178@example.com,free,2026-09-28T13:15:28Z
179,user0179@example.com,free,2026-09-28T19:55:06Z
180,user0180@example.com,free,2026-09-28T08:54:00Z
181,user0181@example.com,free,2026-09-28T11:16:13Z
182,user0182@example.com,free,2026-09-28T12:58:58Z
183,user0183@example.com,free,2026-09-28T00:02:20Z
184,user0184@example.com,free,2026-09-28T13:53:40Z
185,user0185@example.com,free,2026-09-28T17:16:52Z
186,user0186@example.com,free,2026-09-28T18:18:18Z
187,user0187@example.com,pro,2026-09-28T09:02:09Z
188,user0188@example.com,free,2026-09-28T00:10:48Z
189,user0189@example.com,free,2026-09-28T09:37:05Z
190,user0190@example.com,free,2026-09-28T05:14:16Z
191,user0191@example.com,free,2026-09-28T21:21:53Z
192,user0192@example.com,free,2026-09-28T14:20:39Z
193,user0193@example.com,free,2026-09-28T10:54:35Z
194,user0194@example.com,free,2026-09-28T22:55:32Z
195,user0195@example.com,team,2026-09-28T03:04:33Z
196,user0196@example.com,free,2026-09-28T19:16:01Z
197,user0197@example.com,team,2026-09-28T23:56:25Z
198,user0198@example.com,free,2026-09-28T14:10:54Z
199,user0199@example.com,free,2026-09-28T17:59:34Z
200,user0200@example.com,team,2026-09-28T10:20:47Z
201,user0201@example.com,free,2026-09-28T23:25:08Z
202,user0202@example.com,pro,2026-09-28T01:35:39Z
203,user0203@example.com,free,2026-09-28T22:50:25Z
204,user0204@example.com,free,2026-09-28T18:24:22Z
205,user0205@example.com,pro,2026-09-28T19:04:09Z
206,user0206@example.com,free,2026-09-28T20:41:51Z
207,user0207@example.com,free,2026-09-28T21:15:54Z
208,user0208@example.com,free,2026-09-28T03:05:53Z
209,user0209@example.com,free,2026-09-28T01:31:26Z
210,user0210@example.com,free,2026-09-28T23:11:48Z
211,user0211@example.com,free,2026-09-28T03:49:11Z
212,user0212@example.com,pro,2026-09-28T16:26:04Z
213,user0213@example.com,free,2026-09-28T01:50:55Z
214,user0214@example.com,pro,2026-09-28T22:48:00Z
215,user0215@example.com,pro,2026-09-28T08:54:14Z
216,user0216@example.com,free,2026-09-28T09:36:15Z
217,user0217@example.com,free,2026-09-28T16:38:13Z
218,user0218@example.com,pro,2026-09-28T18:18:45Z
219,user0219@example.com,pro,2026-09-28T03:20:51Z
220,user0220@example.com,pro,2026-09-28T02:24:17Z
221,user0221@example.com,free,2026-09-28T09:10:55Z
222,user0222@example.com,free,2026-09-28T09:40:07Z
223,user0223@example.com,free,2026-09-28T07:28:18Z
224,user0224@example.com,pro,2026-09-28T23:39:47Z
225,user0225@example.com,free,2026-09-28T17:59:02Z
226,user0226@example.com,pro,2026-09-28T02:47:38Z
227,user0227@example.com,free,2026-09-28T10:27:39Z
228,user0228@example.com,free,2026-09-28T22:27:48Z
229,user0229@example.com,team,2026-09-28T02:49:14Z
230,user0230@example.com,free,2026-09-28T05:22:03Z
231,user0231@example.com,free,2026-09-28T09:14:44Z
232,user0232@example.com,team,2026-09-28T22:36:55Z
233,user0233@example.com,free,2026-09-28T04:51:30Z
234,user0234@example.com,free,2026-09-28T17:33:51Z
235,user0235@example.com,free,2026-09-28T17:41:14Z
236,user0236@example.com,free,2026-09-28T03:37:24Z
237,user0237@example.com,free,2026-09-28T17:49:34Z
238,user0238@example.com,free,2026-09-28T18:48:23Z
239,user0239@example.com,pro,2026-09-28T16:55:04Z
240,user0240@example.com,free,2026-09-28T16:58:44Z
241,user0241@example.com,free,2026-09-28T19:59:28Z
242,user0242@example.com,free,2026-09-28T11:20:51Z
243,user0243@example.com,free,2026-09-28T17:13:09Z
244,user0244@example.com,pro,2026-09-28T10:32:36Z
245,user0245@example.com,pro,2026-09-28T02:47:02Z
246,user0246@example.com,free,2026-09-28T16:21:50Z
247,user0247@example.com,free,2026-09-28T14:05:04Z
248,user0248@example.com,free,2026-09-28T07:40:18Z
249,user0249@example.com,free,2026-09-28T21:10:14Z
250,user0250@example.com,pro,2026-09-28T05:09:38Z
251,user0251@example.com,free,2026-09-28T09:31:55Z
252,user0252@example.com,team,2026-09-28T04:49:40Z
253,user0253@example.com,pro,2026-09-28T22:59:54Z
254,user0254@example.com,free,2026-09-28T10:10:43Z
255,user0255@example.com,free,2026-09-28T13:17:45Z
256,user0256@example.com,pro,2026-09-28T18:07:39Z
257,user0257@example.com,free,2026-09-28T14:20:52Z
258,user0258@example.com,free,2026-09-28T05:47:29Z
259,user0259@example.com,pro,2026-09-28T17:54:07Z
260,user0260@example.com,free,2026-09-28T14:45:39Z
261,user0261@example.com,free,2026-09-28T05:07:22Z
262,user0262@example.com,free,2026-09-28T12:31:23Z
263,user0263@example.com,free,2026-09-28T11:30:28Z
264,user0264@example.com,free,2026-09-28T12:03:47Z
265,user0265@example.com,free,2026-09-28T11:48:59Z
266,user0266@example.com,free,2026-09-28T14:30:00Z
267,user0267@example.com,free,2026-09-28T07:07:36Z
268,user0268@example.com,free,2026-09-28T10:33:08Z
269,user0269@example.com,free,2026-09-28T13:33:07Z
270,user0270@example.com,free,2026-09-28T14:18:18Z
271,user0271@example.com,free,2026-09-28T21:27:04Z
272,user0272@example.com,free,2026-09-28T13:07:58Z
273,user0273@example.com,free,2026-09-28T10:01:05Z
274,user0274@example.com,free,2026-09-28T10:13:03Z
275,user0275@example.com,free,2026-09-28T01:52:45Z
276,user0276@example.com,free,2026-09-28T23:07:05Z
277,user0277@example.com,free,2026-09-28T09:04:39Z
278,user0278@example.com,pro,2026-09-28T15:52:58Z
279,user0279@example.com,free,2026-09-28T11:29:26Z
280,user0280@example.com,free,2026-09-28T13:35:35Z
281,user0281@example.com,free,2026-09-28T01:03:22Z
282,user0282@example.com,pro,2026-09-28T20:10:33Z
283,user0283@example.com,free,2026-09-28T07:24:24Z
284,user0284@example.com,free,2026-09-28T01:48:04Z
285,user0285@example.com,team,2026-09-28T16:24:55Z
286,user0286@example.com,free,2026-09-28T05:02:42Z
287,user0287@example.com,free,2026-09-28T17:40:45Z
288,user0288@example.com,free,2026-09-28T20:01:43Z
289,user0289@example.com,pro,2026-09-28T06:13:02Z
290,user0290@example.com,free,2026-09-28T15:06:17Z
291,user0291@example.com,free,2026-09-28T10:15:29Z
292,user0292@example.com,free,2026-09-28T09:18:40Z
293,user0293@example.com,free,2026-09-28T14:47:22Z
294,user0294@example.com,pro,2026-09-28T10:57:11Z
295,user0295@example.com,free,2026-09-28T20:17:29Z
296,user0296@example.com,free,2026-09-28T04:21:34Z
297,user0297@example.com,free,2026-09-28T23:25:06Z
298,user0298@example.com,free,2026-09-28T02:44:12Z
299,user0299@example.com,pro,2026-09-28T18:13:35Z
300,user0300@example.com,free,2026-09-28T20:02:20Z
301,user0301@example.com,free,2026-09-28T16:29:33Z
302,user0302@example.com,free,2026-09-28T16:22:57Z
303,user0303@example.com,pro,2026-09-28T05:04:57Z
304,user0304@example.com,free,2026-09-28T07:00:19Z
305,user0305@example.com,free,2026-09-28T03:18:10Z
306,user0306@example.com,pro,2026-09-28T12:27:00Z
307,user0307@example.com,free,2026-09-28T03:18:59Z
308,user0308@example.com,free,2026-09-28T08:42:22Z
309,user0309@example.com,team,2026-09-28T09:24:23Z
310,user0310@example.com,free,2026-09-28T07:21:35Z
311,user0311@example.com,free,2026-09-28T15:01:44Z
312,user0312@example.com,pro,2026-09-28T15:04:08Z
313,user0313@example.com,free,2026-09-28T07:38:45Z
314,user0314@example.com,free,2026-09-28T09:50:20Z
315,user0315@example.com,pro,2026-09-28T02:15:34Z
316,user0316@example.com,team,2026-09-28T10:06:14Z
317,user0317@example.com,free,2026-09-28T13:06:44Z
318,user0318@example.com,pro,2026-09-28T18:19:41Z
319,user0319@example.com,free,2026-09-28T22:55:26Z
320,user0320@example.com,free,2026-09-28T03:22:17Z
321,user0321@example.com,free,2026-09-28T09:02:45Z
322,user0322@example.com,pro,2026-09-28T14:33:16Z
323,user0323@example.com,free,2026-09-28T15:43:21Z
324,user0324@example.com,free,2026-09-28T00:47:38Z
325,user0325@example.com,free,2026-09-28T01:10:26Z
326,user0326@example.com,team,2026-09-28T17:13:52Z
327,user0327@example.com,free,2026-09-28T17:50:02Z
328,user0328@example.com,free,2026-09-28T02:39:46Z
329,user0329@example.com,pro,2026-09-28T19:13:07Z
330,user0330@example.com,free,2026-09-28T16:20:44Z
331,user0331@example.com,free,2026-09-28T03:58:12Z
332,user0332@example.com,free,2026-09-28T05:37:14Z
333,user0333@example.com,free,2026-09-28T19:01:07Z
334,user0334@example.com,pro,2026-09-28T23:34:09Z
335,user0335@example.com,pro,2026-09-28T03:05:41Z
336,user0336@example.com,free,2026-09-28T01:26:23Z
337,user0337@example.com,free,2026-09-28T04:34:29Z
338,user0338@example.com,free,2026-09-28T20:43:50Z
339,user0339@example.com,free,2026-09-28T23:30:07Z
340,user0340@example.com,free,2026-09-28T04:39:32Z
341,user0341@example.com,free,2026-09-28T19:13:59Z
342,user0342@example.com,free,2026-09-28T04:04:57Z
343,user0343@example.com,free,2026-09-28T02:33:41Z
344,user0344@example.com,team,2026-09-28T19:05:38Z
345,user0345@example.com,free,2026-09-28T06:58:46Z
346,user0346@example.com,free,2026-09-28T09:29:54Z
347,user0347@example.com,free,2026-09-28T21:53:02Z
348,user0348@example.com,pro,2026-09-28T00:22:51Z
349,user0349@example.com,pro,2026-09-28T10:58:40Z
350,user0350@example.com,free,2026-09-28T10:08:37Z
351,user0351@example.com,free,2026-09-28T23:28:05Z
352,user0352@example.com,pro,2026-09-28T17:18:19Z
353,user0353@example.com,pro,2026-09-28T08:32:51Z
354,user0354@example.com,free,2026-09-28T08:59:42Z
355,user0355@example.com,free,2026-09-28T14:59:36Z
356,user0356@example.com,free,2026-09-28T02:00:49Z
357,user0357@example.com,pro,2026-09-28T07:04:03Z
358,user0358@example.com,free,2026-09-28T23:33:45Z
359,user0359@example.com,free,2026-09-28T02:57:08Z
360,user0360@example.com,free,2026-09-28T08:17:43Z
361,user0361@example.com,free,2026-09-28T13:28:45Z
362,user0362@example.com,free,2026-09-28T17:56:51Z
363,user0363@example.com,free,2026-09-28T12:18:29Z
364,user0364@example.com,free,2026-09-28T13:11:29Z
365,user0365@example.com,free,2026-09-28T07:12:42Z
366,user0366@example.com,pro,2026-09-28T10:38:07Z
367,user0367@example.com,free,2026-09-28T02:27:18Z
368,user0368@example.com,free,2026-09-28T18:02:51Z
369,user0369@example.com,free,2026-09-28T11:20:57Z
370,user0370@example.com,pro,2026-09-28T08:24:12Z
371,user0371@example.com,free,2026-09-28T08:03:44Z
372,user0372@example.com,free,2026-09-28T10:44:17Z
373,user0373@example.com,pro,2026-09-28T22:42:16Z
374,user0374@example.com,free,2026-09-28T22:12:46Z
375,user0375@example.com,pro,2026-09-28T08:07:51Z
376,user0376@example.com,free,2026-09-28T15:11:00Z
377,user0377@example.com,free,2026-09-28T21:39:21Z
378,user0378@example.com,free,2026-09-28T14:19:31Z
379,user0379@example.com,free,2026-09-28T07:45:11Z
380,user0380@example.com,free,2026-09-28T21:42:15Z
381,user0381@example.com,free,2026-09-28T15:07:25Z
382,user0382@example.com,free,2026-09-28T02:11:22Z
383,user0383@example.com,pro,2026-09-28T14:19:13Z
384,user0384@example.com,free,2026-09-28T11:26:22Z
385,user0385@example.com,free,2026-09-28T02:53:22Z
386,user0386@example.com,free,2026-09-28T11:59:14Z
387,user0387@example.com,pro,2026-09-28T06:45:15Z
388,user0388@example.com,free,2026-09-28T17:01:31Z
389,user0389@example.com,free,2026-09-28T11:21:11Z
390,user0390@example.com,free,2026-09-28T13:36:45Z
391,user0391@example.com,free,2026-09-28T16:06:30Z
392,user0392@example.com,free,2026-09-28T03:58:01Z
393,user0393@example.com,free,2026-09-28T02:50:55Z
394,user0394@example.com,free,2026-09-28T02:56:25Z
395,user0395@example.com,free,2026-09-28T15:17:54Z
396,user0396@example.com,free,2026-09-28T20:25:48Z
397,user0397@example.com,free,2026-09-28T13:50:24Z
398,user0398@example.com,free,2026-09-28T11:14:21Z
399,user0399@example.com,free,2026-09-28T03:11:42Z
400,user0400@example.com,free,2026-09-28T17:14:17Z
401,user0401@example.com,pro,2026-09-28T13:34:12Z
402,user0402@example.com,free,2026-09-28T16:15:03Z
403,user0403@example.com,free,2026-09-28T11:46:16Z
404,user0404@example.com,free,2026-09-28T17:16:38Z
405,user0405@example.com,free,2026-09-28T22:59:53Z
406,user0406@example.com,free,2026-09-28T09:01:47Z
407,user0407@example.com,free,2026-09-28T01:28:48Z
408,user0408@example.com,pro,2026-09-28T01:16:08Z
409,user0409@example.com,free,2026-09-28T02:16:42Z
410,user0410@example.com,free,2026-09-28T09:21:27Z
411,user0411@example.com,team,2026-09-28T02:17:18Z
412,user0412@example.com,free,2026-09-28T12:20:42Z
413,user0413@example.com,free,2026-09-28T09:54:52Z
414,user0414@example.com,free,2026-09-28T22:27:48Z
415,user0415@example.com,free,2026-09-28T09:32:43Z
416,user0416@example.com,free,2026-09-28T10:02:07Z
417,user0417@example.com,team,2026-09-28T00:08:14Z
418,user0418@example.com,free,2026-09-28T23:04:57Z
419,user0419@example.com,free,2026-09-28T00:52:59Z
420,user0420@example.com,pro,2026-09-28T03:54:18Z
421,user0421@example.com,free,2026-09-28T16:57:25Z
422,user0422@example.com,free,2026-09-28T09:08:25Z
423,user0423@example.com,free,2026-09-28T17:58:00Z
424,user0424@example.com,free,2026-09-28T18:04:42Z
425,user0425@example.com,free,2026-09-28T00:19:01Z
426,user0426@example.com,team,2026-09-28T05:30:33Z
427,user0427@example.com,free,2026-09-28T08:35:51Z
428,user0428@example.com,pro,2026-09-28T11:38:03Z
429,user0429@example.com,team,2026-09-28T13:10:29Z
430,user0430@example.com,pro,2026-09-28T02:52:36Z
431,user0431@example.com,free,2026-09-28T07:11:02Z
432,user0432@example.com,free,2026-09-28T05:49:23Z
433,user0433@example.com,free,2026-09-28T14:50:45Z
434,user0434@example.com,free,2026-09-28T23:38:57Z
435,user0435@example.com,pro,2026-09-28T17:32:16Z
436,user0436@example.com,free,2026-09-28T19:49:43Z
437,user0437@example.com,free,2026-09-28T05:51:02Z
438,user0438@example.com,free,2026-09-28T03:49:51Z
439,user0439@example.com,team,2026-09-28T09:38:39Z
440,user0440@example.com,free,2026-09-28T03:03:40Z
441,user0441@example.com,free,2026-09-28T03:30:38Z
442,user0442@example.com,pro,2026-09-28T18:08:56Z
443,user0443@example.com,free,2026-09-28T06:18:20Z
444,user0444@example.com,free,2026-09-28T04:50:23Z
445,user0445@example.com,team,2026-09-28T16:46:54Z
446,user0446@example.com,pro,2026-09-28T08:33:13Z
447,user0447@example.com,free,2026-09-28T04:24:41Z
448,user0448@example.com,free,2026-09-28T10:41:46Z
449,user0449@example.com,free,2026-09-28T20:38:22Z
450,user0450@example.com,free,2026-09-28T13:34:46Z
451,user0451@example.com,free,2026-09-28T09:28:42Z
452,user0452@example.com,free,2026-09-28T15:59:52Z
453,user0453@example.com,free,2026-09-28T06:45:44Z
454,user0454@example.com,free,2026-09-28T08:34:27Z
455,user0455@example.com,team,2026-09-28T10:14:37Z
456,user0456@example.com,free,2026-09-28T06:51:14Z
457,user0457@example.com,free,2026-09-28T02:21:34Z
458,user0458@example.com,free,2026-09-28T09:09:44Z
459,user0459@example.com,pro,2026-09-28T18:28:16Z
460,user0460@example.com,free,2026-09-28T08:25:27Z
461,user0461@example.com,pro,2026-09-28T23:47:12Z
462,user0462@example.com,free,2026-09-28T01:20:52Z
463,user0463@example.com,pro,2026-09-28T00:09:48Z
464,user0464@example.com,pro,2026-09-28T08:24:52Z
465,user0465@example.com,free,2026-09-28T13:36:44Z
466,user0466@example.com,free,2026-09-28T10:41:32Z
467,user0467@example.com,free,2026-09-28T04:20:25Z
468,user0468@example.com,team,2026-09-28T06:54:07Z
469,user0469@example.com,free,2026-09-28T21:14:00Z
470,user0470@example.com,free,2026-09-28T02:44:05Z
471,user0471@example.com,free,2026-09-28T18:39:56Z
472,user0472@example.com,team,2026-09-28T16:21:06Z
473,user0473@example.com,free,2026-09-28T09:27:51Z
474,user0474@example.com,team,2026-09-28T03:51:04Z
475,user0475@example.com,free,2026-09-28T22:34:17Z
476,user0476@example.com,free,2026-09-28T07:55:27Z
477,user0477@example.com,free,2026-09-28T13:25:27Z
478,user0478@example.com,free,2026-09-28T05:08:49Z
479,user0479@example.com,free,2026-09-28T07:25:35Z
480,user0480@example.com,team,2026-09-28T01:23:31Z
481,user0481@example.com,free,2026-09-28T23:43:32Z
482,user0482@example.com,free,2026-09-28T00:24:51Z
483,user0483@example.com,free,2026-09-28T14:53:27Z
484,user0484@example.com,team,2026-09-28T06:44:27Z
485,user0485@example.com,free,2026-09-28T11:22:00Z
486,user0486@example.com,free,2026-09-28T07:24:21Z
487,user0487@example.com,pro,2026-09-28T18:02:42Z
488,user0488@example.com,free,2026-09-28T17:36:14Z
489,user0489@example.com,free,2026-09-28T14:51:39Z
490,user0490@example.com,pro,2026-09-28T14:23:32Z
491,user0491@example.com,pro,2026-09-28T05:37:37Z
492,user0492@example.com,free,2026-09-28T03:19:07Z
493,user0493@example.com,free,2026-09-28T14:28:56Z
494,user0494@example.com,free,2026-09-28T14:55:11Z
495,user0495@example.com,free,2026-09-28T11:11:57Z
496,user0496@example.com,free,2026-09-28T01:52:11Z
497,user0497@example.com,free,2026-09-28T20:37:34Z
498,user0498@example.com,free,2026-09-28T15:04:34Z
499,user0499@example.com,free,2026-09-28T00:39:47Z
500,user0500@example.com,free,2026-09-28T23:27:53Z
501,user0501@example.com,free,2026-09-28T14:13:33Z
502,user0502@example.com,free,2026-09-28T07:24:55Z
503,user0503@example.com,free,2026-09-28T15:48:26Z
504,user0504@example.com,free,2026-09-28T15:25:42Z
505,user0505@example.com,free,2026-09-28T03:17:40Z
506,user0506@example.com,free,2026-09-28T21:02:12Z
507,user0507@example.com,free,2026-09-28T16:46:51Z
508,user0508@example.com,free,2026-09-28T04:43:56Z
509,user0509@example.com,pro,2026-09-28T01:52:55Z
510,user0510@example.com,free,2026-09-28T05:11:17Z
511,user0511@example.com,team,2026-09-28T03:14:29Z
512,user0512@example.com,free,2026-09-28T22:39:12Z
513,user0513@example.com,free,2026-09-28T18:22:00Z
514,user0514@example.com,free,2026-09-28T05:18:41Z
515,user0515@example.com,free,2026-09-28T10:18:52Z
516,user0516@example.com,free,2026-09-28T18:58:29Z
517,user0517@example.com,free,2026-09-28T02:26:34Z
518,user0518@example.com,pro,2026-09-28T13:58:16Z
519,user0519@example.com,free,2026-09-28T07:11:05Z
520,user0520@example.com,free,2026-09-28T04:36:40Z
521,user0521@example.com,free,2026-09-28T17:34:33Z
522,user0522@example.com,team,2026-09-28T01:56:35Z
523,user0523@example.com,free,2026-09-28T23:10:09Z
524,user0524@example.com,team,2026-09-28T03:08:30Z
525,user0525@example.com,free,2026-09-28T05:50:07Z
526,user0526@example.com,free,2026-09-28T22:36:42Z
527,user0527@example.com,free,2026-09-28T22:22:53Z
528,user0528@example.com,free,2026-09-28T17:13:11Z
529,user0529@example.com,free,2026-09-28T20:35:11Z
530,user0530@example.com,free,2026-09-28T01:31:07Z
531,user0531@example.com,free,2026-09-28T18:51:21Z
532,user0532@example.com,free,2026-09-28T13:57:56Z
533,user0533@example.com,free,2026-09-28T04:28:49Z
534,user0534@example.com,free,2026-09-28T08:59:42Z
535,user0535@example.com,pro,2026-09-28T01:29:46Z
536,user0536@example.com,free,2026-09-28T01:23:17Z
537,user0537@example.com,free,2026-09-28T04:17:11Z
538,user0538@example.com,pro,2026-09-28T21:49:40Z
539,user0539@example.com,free,2026-09-28T20:01:36Z
540,user0540@example.com,free,2026-09-28T23:37:49Z
541,user0541@example.com,team,2026-09-28T11:13:17Z
542,user0542@example.com,free,2026-09-28T09:04:30Z
543,user0543@example.com,free,2026-09-28T14:10:14Z
544,user0544@example.com,pro,2026-09-28T16:16:01Z
545,user0545@example.com,free,2026-09-28T15:57:35Z
546,user0546@example.com,free,2026-09-28T00:51:03Z
547,user0547@example.com,pro,2026-09-28T22:31:59Z
548,user0548@example.com,free,2026-09-28T16:56:24Z
549,user0549@example.com,team,2026-09-28T16:16:05Z
550,user0550@example.com,free,2026-09-28T16:41:08Z
551,user0551@example.com,free,2026-09-28T17:13:45Z
552,user0552@example.com,free,2026-09-28T03:53:54Z
553,user0553@example.com,free,2026-09-28T04:40:36Z
554,user0554@example.com,free,2026-09-28T15:40:39Z
555,user0555@example.com,pro,2026-09-28T03:20:21Z
556,user0556@example.com,pro,2026-09-28T18:21:45Z
557,user0557@example.com,free,2026-09-28T23:55:26Z
558,user0558@example.com,free,2026-09-28T01:28:48Z
559,user0559@example.com,free,2026-09-28T02:59:39Z
560,user0560@example.com,free,2026-09-28T18:37:20Z
561,user0561@example.com,pro,2026-09-28T01:58:32Z
562,user0562@example.com,free,2026-09-28T13:45:27Z
563,user0563@example.com,free,2026-09-28T00:56:29Z
564,user0564@example.com,free,2026-09-28T22:21:34Z
565,user0565@example.com,free,2026-09-28T07:03:09Z
566,user0566@example.com,free,2026-09-28T17:54:30Z
567,user0567@example.com,free,2026-09-28T06:00:41Z
568,user0568@example.com,free,2026-09-28T02:23:07Z
569,user0569@example.com,free,2026-09-28T22:13:32Z
570,user0570@example.com,free,2026-09-28T05:46:49Z
571,user0571@example.com,free,2026-09-28T22:20:16Z
572,user0572@example.com,free,2026-09-28T16:37:01Z
573,user0573@example.com,pro,2026-09-28T09:15:13Z
574,user0574@example.com,free,2026-09-28T17:28:48Z
575,user0575@example.com,free,2026-09-28T21:32:59Z
576,user0576@example.com,pro,2026-09-28T22:25:22Z
577,user0577@example.com,free,2026-09-28T08:38:36Z
578,user0578@example.com,free,2026-09-28T13:33:13Z
579,user0579@example.com,free,2026-09-28T07:14:35Z
580,user0580@example.com,free,2026-09-28T14:41:23Z
581,user0581@example.com,free,2026-09-28T23:10:36Z
582,user0582@example.com,free,2026-09-28T11:56:08Z
583,user0583@example.com,free,2026-09-28T06:08:37Z
584,user0584@example.com,pro,2026-09-28T04:11:23Z
585,user0585@example.com,free,2026-09-28T01:46:06Z
586,user0586@example.com,pro,2026-09-28T16:29:40Z
587,user0587@example.com,team,2026-09-28T18:59:07Z
588,user0588@example.com,free,2026-09-28T03:48:31Z
589,user0589@example.com,free,2026-09-28T19:30:15Z
590,user0590@example.com,free,2026-09-28T13:31:28Z
591,user0591@example.com,free,2026-09-28T13:40:48Z
592,user0592@example.com,free,2026-09-28T21:01:15Z
593,user0593@example.com,free,2026-09-28T13:06:58Z
594,user0594@example.com,pro,2026-09-28T02:57:47Z
595,user0595@example.com,free,2026-09-28T08:22:32Z
596,user0596@example.com,free,2026-09-28T22:24:18Z
597,user0597@example.com,pro,2026-09-28T10:47:27Z
598,user0598@example.com,free,2026-09-28T09:14:06Z
599,user0599@example.com,team,2026-09-28T23:16:26Z
600,user0600@example.com,free,2026-09-28T11:22:59Z
601,user0601@example.com,free,2026-09-28T01:13:49Z
602,user0602@example.com,free,2026-09-28T05:26:17Z
603,user0603@example.com,free,2026-09-28T22:25:47Z
604,user0604@example.com,pro,2026-09-28T15:12:27Z
605,user0605@example.com,free,2026-09-28T13:15:23Z
606,user0606@example.com,pro,2026-09-28T04:48:24Z
607,user0607@example.com,team,2026-09-28T08:16:27Z
608,user0608@example.com,free,2026-09-28T23:46:44Z
609,user0609@example.com,free,2026-09-28T00:48:41Z
610,user0610@example.com,team,2026-09-28T00:05:42Z
611,user0611@example.com,free,2026-09-28T12:55:25Z
612,user0612@example.com,pro,2026-09-28T03:52:21Z
613,user0613@example.com,pro,2026-09-28T13:00:12Z
614,user0614@example.com,free,2026-09-28T08:09:54Z
615,user0615@example.com,free,2026-09-28T21:14:52Z
616,user0616@example.com,free,2026-09-28T21:26:53Z
617,user0617@example.com,free,2026-09-28T07:26:02Z
618,user0618@example.com,pro,2026-09-28T22:42:59Z
619,user0619@example.com,free,2026-09-28T05:46:31Z
620,user0620@example.com,free,2026-09-28T00:30:49Z
621,user0621@example.com,pro,2026-09-28T05:26:10Z
622,user0622@example.com,free,2026-09-28T03:29:17Z
623,user0623@example.com,free,2026-09-28T23:14:11Z
624,user0624@example.com,free,2026-09-28T09:49:18Z
625,user0625@example.com,free,2026-09-28T09:37:14Z
626,user0626@example.com,pro,2026-09-28T02:02:37Z
627,user0627@example.com,team,2026-09-28T12:45:18Z
628,user0628@example.com,team,2026-09-28T23:30:20Z
629,user0629@example.com,team,2026-09-28T16:09:23Z
630,user0630@example.com,pro,2026-09-28T18:50:40Z
631,user0631@example.com,free,2026-09-28T09:02:51Z
632,user0632@example.com,free,2026-09-28T00:00:52Z
633,user0633@example.com,pro,2026-09-28T02:14:24Z
634,user0634@example.com,free,2026-09-28T00:55:06Z
635,user0635@example.com,free,2026-09-28T06:45:34Z
636,user0636@example.com,free,2026-09-28T05:47:48Z
637,user0637@example.com,free,2026-09-28T03:49:11Z
638,user0638@example.com,pro,2026-09-28T22:18:19Z
639,user0639@example.com,free,2026-09-28T23:54:48Z
640,user0640@example.com,free,2026-09-28T05:10:47Z
641,user0641@example.com,pro,2026-09-28T07:15:51Z
642,user0642@example.com,pro,2026-09-28T22:08:22Z
643,user0643@example.com,free,2026-09-28T23:34:41Z
644,user0644@example.com,free,2026-09-28T22:19:31Z
645,user0645@example.com,free,2026-09-28T18:31:00Z
646,user0646@example.com,free,2026-09-28T02:19:18Z
647,user0647@example.com,free,2026-09-28T22:47:26Z
648,user0648@example.com,pro,2026-09-28T17:24:02Z
649,user0649@example.com,free,2026-09-28T00:13:52Z
650,user0650@example.com,pro,2026-09-28T15:53:52Z
651,user0651@example.com,pro,2026-09-28T02:55:48Z
652,user0652@example.com,free,2026-09-28T06:23:08Z
653,user0653@example.com,free,2026-09-28T03:49:59Z
654,user0654@example.com,free,2026-09-28T08:27:27Z
655,user0655@example.com,free,2026-09-28T04:29:16Z
656,user0656@example.com,free,2026-09-28T09:35:11Z
657,user0657@example.com,pro,2026-09-28T09:41:03Z
658,user0658@example.com,pro,2026-09-28T15:52:34Z
659,user0659@example.com,free,2026-09-28T09:39:32Z
660,user0660@example.com,free,2026-09-28T23:22:28Z
661,user0661@example.com,pro,2026-09-28T03:06:36Z
662,user0662@example.com,free,2026-09-28T00:33:15Z
663,user0663@example.com,free,2026-09-28T09:28:47Z
664,user0664@example.com,free,2026-09-28T07:22:58Z
665,user0665@example.com,free,2026-09-28T11:54:03Z
666,user0666@example.com,free,2026-09-28T14:09:08Z
667,user0667@example.com,free,2026-09-28T21:53:24Z
668,user0668@example.com,pro,2026-09-28T13:48:55Z
669,user0669@example.com,pro,2026-09-28T17:05:37Z
670,user0670@example.com,free,2026-09-28T19:19:09Z
671,user0671@example.com,free,2026-09-28T00:57:55Z
672,user0672@example.com,team,2026-09-28T08:30:48Z
673,user0673@example.com,free,2026-09-28T11:12:17Z
674,user0674@example.com,team,2026-09-28T14:15:22Z
675,user0675@example.com,free,2026-09-28T21:18:40Z
676,user0676@example.com,free,2026-09-28T20:34:42Z
677,user0677@example.com,free,2026-09-28T05:15:52Z
678,user0678@example.com,free,2026-09-28T00:58:46Z
679,user0679@example.com,team,2026-09-28T03:53:02Z
680,user0680@example.com,free,2026-09-28T05:53:28Z
681,user0681@example.com,free,2026-09-28T05:09:51Z
682,user0682@example.com,free,2026-09-28T01:07:26Z
683,user0683@example.com,free,2026-09-28T05:02:20Z
684,user0684@example.com,free,2026-09-28T02:28:10Z
685,user0685@example.com,team,2026-09-28T02:23:39Z
686,user0686@example.com,free,2026-09-28T13:13:52Z
687,user0687@example.com,free,2026-09-28T19:26:18Z
688,user0688@example.com,free,2026-09-28T13:58:31Z
689,user0689@example.com,free,2026-09-28T08:58:39Z
690,user0690@example.com,free,2026-09-28T07:23:48Z
691,user0691@example.com,free,2026-09-28T01:13:58Z
692,user0692@example.com,free,2026-09-28T23:05:22Z
693,user0693@example.com,free,2026-09-28T22:59:36Z
694,user0694@example.com,free,2026-09-28T17:22:16Z
695,user0695@example.com,free,2026-09-28T04:49:47Z
696,user0696@example.com,free,2026-09-28T23:31:54Z
697,user0697@example.com,free,2026-09-28T10:43:15Z
698,user0698@example.com,free,2026-09-28T12:15:07Z
699,user0699@example.com,free,2026-09-28T09:30:30Z
700,user0700@example.com,free,2026-09-28T12:46:33Z
701,user0701@example.com,free,2026-09-28T10:17:20Z
702,user0702@example.com,free,2026-09-28T13:23:57Z
703,user0703@example.com,pro,2026-09-28T21:55:06Z
704,user0704@example.com,free,2026-09-28T17:20:01Z
705,user0705@example.com,free,2026-09-28T22:30:38Z
706,user0706@example.com,free,2026-09-28T15:02:02Z
707,user0707@example.com,pro,2026-09-28T15:53:26Z
708,user0708@example.com,free,2026-09-28T03:34:44Z
709,user0709@example.com,free,2026-09-28T17:04:25Z
710,user0710@example.com,team,2026-09-28T19:35:01Z
711,user0711@example.com,free,2026-09-28T07:53:06Z
712,user0712@example.com,free,2026-09-28T20:55:06Z
713,user0713@example.com,free,2026-09-28T06:12:10Z
714,user0714@example.com,pro,2026-09-28T00:02:50Z
715,user0715@example.com,free,2026-09-28T07:21:21Z
716,user0716@example.com,free,2026-09-28T01:57:53Z
717,user0717@example.com,pro,2026-09-28T12:39:47Z
718,user0718@example.com,pro,2026-09-28T03:29:02Z
719,user0719@example.com,pro,2026-09-28T06:43:05Z
720,user0720@example.com,free,2026-09-28T21:34:27Z
721,user0721@example.com,free,2026-09-28T18:45:20Z
722,user0722@example.com,free,2026-09-28T21:02:40Z
723,user0723@example.com,free,2026-09-28T10:19:49Z
724,user0724@example.com,pro,2026-09-28T08:25:46Z
725,user0725@example.com,free,2026-09-28T06:02:10Z
726,user0726@example.com,free,2026-09-28T23:10:31Z
727,user0727@example.com,pro,2026-09-28T17:51:03Z
728,user0728@example.com,free,2026-09-28T03:48:24Z
729,user0729@example.com,free,2026-09-28T12:56:51Z
730,user0730@example.com,free,2026-09-28T14:36:35Z
731,user0731@example.com,free,2026-09-28T03:08:14Z
732,user0732@example.com,free,2026-09-28T23:30:54Z
733,user0733@example.com,free,2026-09-28T13:32:32Z
734,user0734@example.com,free,2026-09-28T11:02:13Z
735,user0735@example.com,pro,2026-09-28T15:35:06Z
736,user0736@example.com,free,2026-09-28T18:14:51Z
737,user0737@example.com,free,2026-09-28T13:48:36Z
738,user0738@example.com,free,2026-09-28T16:46:52Z
739,user0739@example.com,team,2026-09-28T19:21:10Z
740,user0740@example.com,free,2026-09-28T22:02:24Z
741,user0741@example.com,team,2026-09-28T12:41:16Z
742,user0742@example.com,pro,2026-09-28T11:53:36Z
743,user0743@example.com,pro,2026-09-28T05:39:18Z
744,user0744@example.com,free,2026-09-28T20:09:39Z
745,user0745@example.com,pro,2026-09-28T06:10:23Z
746,user0746@example.com,free,2026-09-28T15:58:34Z
747,user0747@example.com,free,2026-09-28T21:05:12Z
748,user0748@example.com,free,2026-09-28T04:35:22Z
749,user0749@example.com,free,2026-09-28T16:49:17Z
750,user0750@example.com,free,2026-09-28T18:29:05Z
751,user0751@example.com,free,2026-09-28T09:44:19Z
752,user0752@example.com,free,2026-09-28T22:28:34Z
753,user0753@example.com,free,2026-09-28T05:40:45Z
754,user0754@example.com,team,2026-09-28T11:53:23Z
755,user0755@example.com,free,2026-09-28T19:00:43Z
756,user0756@example.com,free,2026-09-28T05:51:32Z
757,user0757@example.com,free,2026-09-28T11:56:41Z
758,user0758@example.com,free,2026-09-28T09:25:06Z
759,user0759@example.com,free,2026-09-28T05:59:34Z
760,user0760@example.com,free,2026-09-28T07:06:55Z
761,user0761@example.com,free,2026-09-28T05:29:46Z
762,user0762@example.com,free,2026-09-28T10:59:57Z
763,user0763@example.com,free,2026-09-28T15:50:06Z
764,user0764@example.com,free,2026-09-28T07:08:35Z
765,user0765@example.com,free,2026-09-28T23:13:41Z
766,user0766@example.com,free,2026-09-28T10:13:25Z
767,user0767@example.com,pro,2026-09-28T14:08:20Z
768,user0768@example.com,free,2026-09-28T01:14:07Z
769,user0769@example.com,free,2026-09-28T14:31:40Z
770,user0770@example.com,pro,2026-09-28T08:05:57Z
771,user0771@example.com,free,2026-09-28T23:01:27Z
772,user0772@example.com,free,2026-09-28T16:52:02Z
773,user0773@example.com,free,2026-09-28T05:09:47Z
774,user0774@example.com,free,2026-09-28T21:58:49Z
775,user0775@example.com,free,2026-09-28T00:12:03Z
776,user0776@example.com,team,2026-09-28T15:39:24Z
777,user0777@example.com,free,2026-09-28T21:23:15Z
778,user0778@example.com,team,2026-09-28T08:19:18Z
779,user0779@example.com,free,2026-09-28T08:19:23Z
780,user0780@example.com,free,2026-09-28T23:21:27Z
781,user0781@example.com,free,2026-09-28T16:31:33Z
782,user0782@example.com,free,2026-09-28T11:23:47Z
783,user0783@example.com,free,2026-09-28T22:52:29Z
784,user0784@example.com,free,2026-09-28T15:16:35Z
785,user0785@example.com,free,2026-09-28T14:34:06Z
786,user0786@example.com,free,2026-09-28T09:06:15Z
787,user0787@example.com,pro,2026-09-28T17:34:34Z
788,user0788@example.com,team,2026-09-28T00:42:56Z
789,user0789@example.com,pro,2026-09-28T14:54:13Z
790,user0790@example.com,free,2026-09-28T06:39:54Z
791,user0791@example.com,free,2026-09-28T00:23:13Z
792,user0792@example.com,free,2026-09-28T17:50:04Z
793,user0793@example.com,free,2026-09-28T01:23:19Z
794,user0794@example.com,free,2026-09-28T19:46:59Z
795,user0795@example.com,free,2026-09-28T05:51:21Z
796,user0796@example.com,free,2026-09-28T18:54:15Z
797,user0797@example.com,team,2026-09-28T03:40:49Z
798,user0798@example.com,pro,2026-09-28T16:37:51Z
799,user0799@example.com,pro,2026-09-28T07:27:47Z
800,user0800@example.com,free,2026-09-28T18:38:53Z
801,user0801@example.com,free,2026-09-28T23:16:29Z
802,user0802@example.com,free,2026-09-28T18:59:38Z
803,user0803@example.com,pro,2026-09-28T14:56:25Z
804,user0804@example.com,free,2026-09-28T07:38:56Z
805,user0805@example.com,pro,2026-09-28T14:17:24Z
806,user0806@example.com,team,2026-09-28T04:27:22Z
807,user0807@example.com,free,2026-09-28T12:56:32Z
808,user0808@example.com,free,2026-09-28T09:11:30Z
809,user0809@example.com,free,2026-09-28T13:54:08Z
810,user0810@example.com,free,2026-09-28T02:14:21Z
811,user0811@example.com,free,2026-09-28T02:44:14Z
812,user0812@example.com,free,2026-09-28T15:18:41Z
813,user0813@example.com,free,2026-09-28T21:07:24Z
814,user0814@example.com,free,2026-09-28T03:58:40Z
815,user0815@example.com,free,2026-09-28T11:02:59Z
816,user0816@example.com,free,2026-09-28T19:11:24Z
817,user0817@example.com,pro,2026-09-28T14:16:15Z
818,user0818@example.com,free,2026-09-28T07:43:08Z
819,user0819@example.com,free,2026-09-28T04:42:27Z
820,user0820@example.com,free,2026-09-28T23:05:38Z
821,user0821@example.com,pro,2026-09-28T17:04:53Z
822,user0822@example.com,free,2026-09-28T08:13:40Z
823,user0823@example.com,free,2026-09-28T12:51:25Z
824,user0824@example.com,free,2026-09-28T17:02:34Z
825,user0825@example.com,free,2026-09-28T19:57:42Z
826,user0826@example.com,free,2026-09-28T17:05:25Z
827,user0827@example.com,free,2026-09-28T08:23:26Z
828,user0828@example.com,free,2026-09-28T13:41:42Z
829,user0829@example.com,free,2026-09-28T15:30:50Z
830,user0830@example.com,free,2026-09-28T17:32:00Z
831,user0831@example.com,free,2026-09-28T10:14:18Z
832,user0832@example.com,free,2026-09-28T08:55:08Z
833,user0833@example.com,pro,2026-09-28T11:39:45Z
834,user0834@example.com,free,2026-09-28T17:39:19Z
835,user0835@example.com,free,2026-09-28T22:41:45Z
836,user0836@example.com,free,2026-09-28T13:11:44Z
837,user0837@example.com,free,2026-09-28T11:02:16Z
838,user0838@example.com,free,2026-09-28T02:04:39Z
839,user0839@example.com,free,2026-09-28T20:33:21Z
840,user0840@example.com,pro,2026-09-28T05:06:42Z
841,user0841@example.com,team,2026-09-28T12:33:59Z
842,user0842@example.com,free,2026-09-28T00:32:44Z
843,user0843@example.com,free,2026-09-28T07:38:12Z
844,user0844@example.com,free,2026-09-28T23:52:57Z
845,user0845@example.com,team,2026-09-28T09:06:11Z
846,user0846@example.com,team,2026-09-28T03:41:45Z
847,user0847@example.com,free,2026-09-28T05:11:48Z
848,user0848@example.com,pro,2026-09-28T06:45:35Z
849,user0849@example.com,free,2026-09-28T12:36:49Z
850,user0850@example.com,free,2026-09-28T07:35:33Z
851,user0851@example.com,free,2026-09-28T19:27:40Z
852,user0852@example.com,team,2026-09-28T22:11:30Z
853,user0853@example.com,pro,2026-09-28T03:17:29Z
854,user0854@example.com,free,2026-09-28T23:10:39Z
855,user0855@example.com,pro,2026-09-28T07:11:09Z
856,user0856@example.com,pro,2026-09-28T07:45:31Z
857,user0857@example.com,pro,2026-09-28T02:51:44Z
858,user0858@example.com,pro,2026-09-28T04:15:32Z
859,user0859@example.com,free,2026-09-28T04:18:41Z
860,user0860@example.com,free,2026-09-28T15:15:24Z
861,user0861@example.com,pro,2026-09-28T05:04:23Z
862,user0862@example.com,pro,2026-09-28T17:57:08Z
863,user0863@example.com,pro,2026-09-28T02:07:41Z
864,user0864@example.com,free,2026-09-28T17:00:22Z
865,user0865@example.com,free,2026-09-28T17:53:25Z
866,user0866@example.com,free,2026-09-28T18:08:16Z
867,user0867@example.com,team,2026-09-28T19:38:38Z
868,user0868@example.com,free,2026-09-28T00:14:25Z
869,user0869@example.com,pro,2026-09-28T11:40:32Z
870,user0870@example.com,pro,2026-09-28T20:28:57Z
871,user0871@example.com,pro,2026-09-28T10:48:24Z
872,user0872@example.com,free,2026-09-28T13:39:06Z
873,user0873@example.com,free,2026-09-28T15:14:55Z
874,user0874@example.com,free,2026-09-28T06:34:20Z
875,user0875@example.com,free,2026-09-28T23:09:38Z
876,user0876@example.com,team,2026-09-28T00:44:54Z
877,user0877@example.com,free,2026-09-28T01:40:12Z
878,user0878@example.com,pro,2026-09-28T03:25:17Z
879,user0879@example.com,pro,2026-09-28T17:37:41Z
880,user0880@example.com,free,2026-09-28T05:15:38Z
881,user0881@example.com,free,2026-09-28T07:46:05Z
882,user0882@example.com,free,2026-09-28T22:45:56Z
883,user0883@example.com,free,2026-09-28T12:19:41Z
884,user0884@example.com,free,2026-09-28T23:59:39Z
885,user0885@example.com,pro,2026-09-28T12:25:36Z
886,user0886@example.com,pro,2026-09-28T19:08:03Z
887,user0887@example.com,free,2026-09-28T07:40:20Z
888,user0888@example.com,free,2026-09-28T15:50:41Z
889,user0889@example.com,free,2026-09-28T15:22:43Z
890,user0890@example.com,free,2026-09-28T20:10:17Z
891,user0891@example.com,free,2026-09-28T10:31:39Z
892,user0892@example.com,pro,2026-09-28T12:55:53Z
893,user0893@example.com,free,2026-09-28T14:41:57Z
894,user0894@example.com,free,2026-09-28T18:20:27Z
895,user0895@example.com,free,2026-09-28T18:26:18Z
896,user0896@example.com,pro,2026-09-28T07:24:37Z
897,user0897@example.com,free,2026-09-28T04:17:37Z
898,user0898@example.com,free,2026-09-28T07:00:06Z
899,user0899@example.com,free,2026-09-28T10:53:39Z
900,user0900@example.com,free,2026-09-28T21:21:07Z
901,user0901@example.com,free,2026-09-28T01:27:29Z
902,user0902@example.com,free,2026-09-28T20:10:52Z
903,user0903@example.com,team,2026-09-28T19:51:26Z
904,user0904@example.com,free,2026-09-28T01:48:34Z
905,user0905@example.com,free,2026-09-28T10:56:14Z
906,user0906@example.com,free,2026-09-28T00:13:34Z
907,user0907@example.com,pro,2026-09-28T06:54:55Z
908,user0908@example.com,free,2026-09-28T22:09:41Z
909,user0909@example.com,pro,2026-09-28T18:14:06Z
910,user0910@example.com,free,2026-09-28T22:16:21Z
911,user0911@example.com,free,2026-09-28T22:27:11Z
912,user0912@example.com,team,2026-09-28T22:49:17Z
913,user0913@example.com,free,2026-09-28T03:01:19Z
914,user0914@example.com,pro,2026-09-28T01:26:13Z
915,user0915@example.com,free,2026-09-28T22:45:56Z
916,user0916@example.com,free,2026-09-28T03:41:25Z
917,user0917@example.com,free,2026-09-28T01:20:46Z
918,user0918@example.com,free,2026-09-28T03:39:46Z
919,user0919@example.com,free,2026-09-28T13:25:48Z
920,user0920@example.com,pro,2026-09-28T11:15:46Z
921,user0921@example.com,free,2026-09-28T09:23:36Z
922,user0922@example.com,free,2026-09-28T06:43:39Z
923,user0923@example.com,free,2026-09-28T01:14:48Z
924,user0924@example.com,free,2026-09-28T00:44:32Z
925,user0925@example.com,team,2026-09-28T20:37:10Z
926,user0926@example.com,pro,2026-09-28T01:59:18Z
927,user0927@example.com,pro,2026-09-28T20:39:44Z
928,user0928@example.com,free,2026-09-28T01:26:01Z
929,user0929@example.com,team,2026-09-28T15:19:50Z
930,user0930@example.com,pro,2026-09-28T14:43:58Z
931,user0931@example.com,free,2026-09-28T02:26:50Z
932,user0932@example.com,team,2026-09-28T14:05:43Z
933,user0933@example.com,free,2026-09-28T21:33:10Z
934,user0934@example.com,free,2026-09-28T17:18:37Z
935,user0935@example.com,free,2026-09-28T19:58:53Z
936,user0936@example.com,pro,2026-09-28T03:01:09Z
937,user0937@example.com,free,2026-09-28T07:43:43Z
938,user0938@example.com,free,2026-09-28T22:49:28Z
939,user0939@example.com,free,2026-09-28T15:32:47Z
940,user0940@example.com,free,2026-09-28T00:20:22Z
941,user0941@example.com,free,2026-09-28T03:12:32Z
942,user0942@example.com,free,2026-09-28T04:25:05Z
943,user0943@example.com,free,2026-09-28T17:11:49Z
944,user0944@example.com,team,2026-09-28T10:01:43Z
945,user0945@example.com,pro,2026-09-28T08:49:14Z
946,user0946@example.com,free,2026-09-28T06:49:24Z
947,user0947@example.com,free,2026-09-28T13:19:15Z
948,user0948@example.com,free,2026-09-28T03:04:08Z
949,user0949@example.com,pro,2026-09-28T22:53:14Z
950,user0950@example.com,pro,2026-09-28T18:08:06Z
951,user0951@example.com,free,2026-09-28T09:14:58Z
952,user0952@example.com,free,2026-09-28T01:09:50Z
953,user0953@example.com,free,2026-09-28T02:12:16Z
954,user0954@example.com,team,2026-09-28T23:41:28Z
955,user0955@example.com,free,2026-09-28T02:54:03Z
956,user0956@example.com,free,2026-09-28T11:19:31Z
957,user0957@example.com,free,2026-09-28T21:50:58Z
958,user0958@example.com,team,2026-09-28T17:42:24Z
959,user0959@example.com,free,2026-09-28T02:10:35Z
960,user0960@example.com,team,2026-09-28T13:22:57Z
961,user0961@example.com,pro,2026-09-28T15:58:24Z
962,user0962@example.com,free,2026-09-28T06:03:39Z
963,user0963@example.com,free,2026-09-28T04:14:56Z
964,user0964@example.com,free,2026-09-28T23:28:46Z
965,user0965@example.com,free,2026-09-28T22:55:36Z
966,user0966@example.com,free,2026-09-28T17:21:56Z
967,user0967@example.com,free,2026-09-28T16:29:03Z
968,user0968@example.com,free,2026-09-28T20:38:13Z
969,user0969@example.com,free,2026-09-28T10:38:43Z
970,user0970@example.com,team,2026-09-28T02:12:27Z
971,user0971@example.com,team,2026-09-28T23:42:00Z
972,user0972@example.com,team,2026-09-28T12:05:21Z
973,user0973@example.com,free,2026-09-28T00:33:51Z
974,user0974@example.com,free,2026-09-28T21:53:12Z
975,user0975@example.com,free,2026-09-28T21:17:13Z
976,user0976@example.com,free,2026-09-28T08:57:38Z
977,user0977@example.com,free,2026-09-28T14:06:11Z
978,user0978@example.com,free,2026-09-28T21:54:36Z
979,user0979@example.com,free,2026-09-28T16:25:48Z
980,user0980@example.com,free,2026-09-28T00:03:40Z
981,user0981@example.com,free,2026-09-28T09:34:37Z
982,user0982@example.com,free,2026-09-28T15:22:57Z
983,user0983@example.com,free,2026-09-28T21:21:32Z
984,user0984@example.com,free,2026-09-28T10:30:17Z
985,user0985@example.com,free,2026-09-28T20:49:21Z
986,user0986@example.com,pro,2026-09-28T09:58:13Z
987,user0987@example.com,free,2026-09-28T18:12:12Z
988,user0988@example.com,free,2026-09-28T19:27:45Z
989,user0989@example.com,pro,2026-09-28T19:39:36Z
990,user0990@example.com,free,2026-09-28T17:38:58Z
991,user0991@example.com,free,2026-09-28T07:17:50Z
992,user0992@example.com,team,2026-09-28T11:16:02Z
993,user0993@example.com,free,2026-09-28T02:05:44Z
994,user0994@example.com,free,2026-09-28T16:56:30Z
995,user0995@example.com,team,2026-09-28T09:16:28Z
996,user0996@example.com,free,2026-09-28T00:20:28Z
997,user0997@example.com,pro,2026-09-28T16:44:16Z
998,user0998@example.com,pro,2026-09-28T03:11:35Z
999,user0999@example.com,free,2026-09-28T12:55:44Z
1000,user1000@example.com,free,2026-09-28T08:28:42Z
